,R,G,B
0,161.30960000000002,106.89920000000001,38.6328
1,160.76600000000002,107.1036,38.4884
2,160.7912,106.67960000000001,39.2256
3,163.01680000000002,111.9124,43.452000000000005
4,163.4036,111.6324,42.2096
5,164.5548,112.1928,42.9548
6,164.3068,112.584,43.2064
7,164.17360000000002,112.7424,42.9712
8,164.362,112.7132,43.2472
9,164.1792,112.91080000000001,44.02
10,163.4704,113.1624,44.174
11,163.67440000000002,112.7908,43.316
12,163.1044,112.67840000000001,43.414
13,163.12800000000001,112.5336,43.5968
14,162.9844,112.4936,43.3436
15,162.9712,112.2904,42.1968
16,162.9212,112.3836,42.9416
17,162.6696,112.15520000000001,42.870000000000005
18,162.9952,112.5228,43.180800000000005
19,163.41840000000002,112.664,43.059200000000004
20,163.6704,112.5968,43.5484
21,163.0644,112.39880000000001,43.1068
22,162.9368,112.0412,43.2524
23,162.2252,112.034,43.942
24,161.87040000000002,111.71560000000001,42.6496
25,161.2148,111.4024,42.3432
26,160.6976,111.0068,41.808800000000005
27,160.9848,110.6204,41.357600000000005
28,161.07760000000002,110.536,40.0488
29,161.3296,110.512,40.7532
30,161.6464,110.644,40.1052
31,161.80960000000002,110.57600000000001,40.7892
32,161.8124,110.042,40.2684
33,160.75920000000002,109.9752,39.854
34,160.4356,110.1756,40.882000000000005
35,160.4356,110.1756,40.882000000000005
36,161.16320000000002,110.6256,42.3076
37,161.97560000000001,111.5348,44.8928
38,161.9632,111.4204,45.022800000000004
39,161.84040000000002,110.89840000000001,44.6452
40,161.5676,110.34280000000001,44.8896
41,161.0516,109.70880000000001,44.6272
42,159.7688,109.0184,43.838
43,159.4644,108.31840000000001,43.994
44,158.9556,107.82000000000001,43.128
45,157.6548,107.202,42.688
46,157.6548,107.202,42.688
47,157.1448,106.79440000000001,43.641600000000004
48,157.0008,106.1504,43.7688
49,154.1412,104.64320000000001,42.824000000000005
50,152.7108,103.5104,42.1756
51,151.63160000000002,101.4564,41.3892
52,149.4848,99.5828,39.757600000000004
53,147.5772,98.66040000000001,39.99
54,146.4588,97.5248,39.916000000000004
55,145.1128,96.5372,38.230000000000004
56,143.1788,95.4576,38.4972
57,143.1788,95.4576,38.4972
58,142.3844,94.26960000000001,37.724000000000004
59,141.37800000000001,93.5724,37.8652
60,139.6604,92.5664,37.912400000000005
61,137.01080000000002,90.45280000000001,37.4624
62,135.7064,88.75,37.836
63,134.1764,87.8972,37.8448
64,132.4348,86.2352,35.9976
65,130.2688,84.6624,35.513600000000004
66,128.8324,83.1472,34.8636
67,128.8324,83.1472,34.8636
68,128.52360000000002,83.2568,35.3108
69,129.18880000000001,83.6708,35.2676
70,130.1372,84.46640000000001,35.4424
71,131.06,85.1148,35.658
72,131.0832,84.72840000000001,35.1816
73,131.6968,85.2612,34.624
74,132.894,86.29560000000001,34.821200000000005
75,134.0552,86.99680000000001,34.455200000000005
76,134.35,87.4024,34.47
77,134.56560000000002,87.05760000000001,33.5828
78,134.56560000000002,87.05760000000001,33.5828
79,134.7044,86.9396,33.3132
80,135.4284,87.6656,32.906
81,136.2896,88.38000000000001,33.696400000000004
82,137.0128,88.8024,33.408
83,136.8664,88.86840000000001,34.2316
84,137.5308,89.3276,33.4928
85,138.5832,89.7172,33.9424
86,138.52280000000002,90.114,33.518
87,138.8332,90.604,33.800000000000004
88,139.3856,90.76520000000001,33.6304
89,139.3856,90.76520000000001,33.6304
90,139.4032,90.2932,32.5632
91,139.6052,89.8048,31.6
92,140.1456,90.0528,31.678800000000003
93,140.38160000000002,90.5132,31.900000000000002
94,140.6588,90.69,31.2692
95,140.84120000000001,90.1328,29.910400000000003
96,140.79680000000002,89.43440000000001,28.820400000000003
97,141.63920000000002,90.04560000000001,28.3396
98,141.6312,90.8204,28.472800000000003
99,141.6312,90.8204,28.472800000000003
100,143.0524,91.7168,29.5944
101,143.4744,92.462,30.414
102,144.7896,93.7264,30.9796
103,145.3364,94.50120000000001,32.0576
104,145.6356,94.68520000000001,31.5344
105,145.314,94.53320000000001,30.5544
106,145.57760000000002,94.9816,30.8256
107,145.7344,95.33840000000001,30.7576
108,146.0464,95.84960000000001,31.035600000000002
109,148.1468,97.69120000000001,33.147600000000004
110,148.1468,97.69120000000001,33.147600000000004
111,149.09120000000001,98.25760000000001,33.2212
112,149.0668,98.7904,33.4544
113,149.3432,99.626,34.6948
114,149.208,99.73280000000001,34.6788
115,148.7296,99.808,34.7352
116,148.7064,99.7244,33.3624
117,149.1644,99.3724,34.638
118,149.1236,99.59400000000001,34.128
119,149.624,99.23960000000001,33.4356
120,149.6048,99.28160000000001,33.7244
121,149.6968,99.2996,32.7584
122,151.0832,99.912,33.1516
123,151.466,100.5464,33.9144
124,153.798,100.58800000000001,31.512
125,153.83880000000002,101.59960000000001,33.1252
126,154.7348,102.768,33.775600000000004
127,155.66240000000002,103.45320000000001,34.0324
128,156.5512,104.18,33.9628
129,157.5968,105.12440000000001,34.9816
130,157.91,105.1644,35.6704
131,158.1688,105.3236,34.8392
132,158.14440000000002,105.64280000000001,36.2324
133,158.2408,105.628,36.1976
134,158.06640000000002,106.444,37.406
135,158.8504,107.04560000000001,37.0332
136,159.2024,107.1436,36.8848
137,158.93880000000001,106.686,36.688
138,158.758,107.09920000000001,35.5604
139,159.246,107.1272,35.9376
140,159.2544,107.2288,35.7516
141,159.57600000000002,107.52640000000001,35.7008
142,159.4204,107.3716,34.742000000000004
143,159.732,106.6952,34.5632
144,159.204,106.69000000000001,34.424
145,159.0412,107.13680000000001,33.4544
146,159.4232,107.0044,34.9792
147,159.66,107.194,33.5324
148,159.7204,107.14800000000001,33.5232
149,159.7784,107.17320000000001,34.0644
150,160.15640000000002,107.17800000000001,34.0788
151,160.1776,107.2008,33.3112
152,160.606,107.1272,34.3716
153,160.3692,107.70400000000001,34.0424
154,161.0204,108.006,34.156800000000004
155,160.876,108.6616,34.2744
156,161.244,108.6744,34.694
157,161.46200000000002,108.914,34.470800000000004
158,161.61360000000002,108.9488,34.531600000000005
159,161.5952,108.7132,34.748000000000005
160,161.2324,108.48880000000001,33.4576
161,161.1012,108.12360000000001,33.2064
162,160.78480000000002,107.96520000000001,33.9168
163,161.3968,107.884,33.578
164,160.934,108.1804,33.442
165,161.5052,108.2852,33.7076
166,161.2944,108.35640000000001,33.7048
167,160.80440000000002,108.33080000000001,33.244800000000005
168,161.4824,108.95280000000001,34.06
169,162.38840000000002,109.4972,34.064
170,163.282,110.0844,35.0648
171,163.58280000000002,111.12960000000001,33.8532
172,163.91,111.4328,33.9028
173,163.3384,111.8848,36.6864
174,163.67520000000002,111.738,36.904
175,163.8596,111.73880000000001,37.3468
176,164.1668,111.66560000000001,36.559200000000004
177,163.9892,111.9116,37.7412
178,164.698,111.7324,36.9408
179,164.3768,111.94760000000001,37.658
180,164.23080000000002,112.0856,37.982800000000005
181,164.3444,112.00760000000001,39.0336
182,164.2644,111.9328,38.256
183,163.9968,112.05040000000001,38.2496
184,163.88760000000002,111.6616,38.0268
185,163.6988,111.6816,37.9024
186,163.9528,111.4512,38.5144
187,163.6064,111.27040000000001,38.8076
188,163.4112,111.07400000000001,38.154
189,163.3012,111.0476,38.519200000000005
190,163.5668,111.036,37.944
191,163.46880000000002,110.93440000000001,38.6864
192,163.4976,110.9396,37.991600000000005
193,163.41400000000002,111.0124,39.1496
194,163.56400000000002,111.2244,38.891200000000005
195,163.87,111.4864,39.586800000000004
196,164.2604,111.84440000000001,38.5324
197,163.98000000000002,111.932,38.3056
198,164.1468,112.1584,39.3496
199,164.58,112.13640000000001,38.562000000000005
200,164.448,112.16720000000001,38.8724
201,164.3052,111.8644,37.7912
202,164.1788,111.4684,37.896
203,163.30960000000002,111.53240000000001,37.176
204,163.32680000000002,111.03320000000001,37.378
205,163.0368,110.72840000000001,37.0296
206,163.02880000000002,110.3768,37.0484
207,163.03640000000001,110.2176,37.5752
208,162.2776,110.12480000000001,37.324400000000004
209,161.978,110.00800000000001,37.461600000000004
210,161.6772,109.3156,35.8172
211,161.5436,108.9244,36.06
212,160.882,108.4744,35.9836
213,160.678,108.4016,36.5244
214,160.6528,108.4856,36.6852
215,160.77360000000002,108.59920000000001,37.1184
216,160.7492,108.888,37.3528
217,161.006,108.34440000000001,37.7884
218,160.5188,108.20960000000001,36.7612
219,160.3312,108.33720000000001,36.9444
220,159.9524,108.54400000000001,37.472
221,160.362,108.4068,37.2616
222,160.39440000000002,108.9316,38.45
223,160.5248,108.8172,38.7856
224,159.94,108.83840000000001,38.1488
225,159.5136,108.7536,38.5152
226,159.2792,108.3604,38.3796
227,159.3212,108.23280000000001,37.494800000000005
228,159.3212,108.23280000000001,37.494800000000005
229,159.2584,107.158,37.4072
230,158.5636,106.68480000000001,37.208400000000005
231,158.50920000000002,106.3104,36.732
232,158.44240000000002,105.998,36.598400000000005
233,158.5944,105.88040000000001,36.5484
234,158.7364,105.7264,36.064
235,159.20080000000002,105.4864,36.604
236,159.20080000000002,105.49600000000001,36.656
237,158.87800000000001,105.796,36.4784
238,159.2384,105.8092,36.8812
239,159.2384,105.8092,36.8812
240,159.3928,105.90360000000001,37.406800000000004
241,158.792,105.5588,37.7768
242,158.364,105.6452,38.5492
243,159.02,105.8092,39.4196
244,159.32920000000001,106.4484,39.623200000000004
245,160.0276,106.4272,40.6852
246,159.88760000000002,106.64320000000001,41.3504
247,160.19240000000002,106.324,41.071600000000004
248,159.532,106.168,40.979600000000005
249,159.532,106.168,40.979600000000005
250,158.96200000000002,106.0172,41.4884
251,158.496,105.5616,40.6896
252,158.4596,105.456,41.6244
253,158.3228,105.534,41.596000000000004
254,158.0384,105.79480000000001,41.478
255,157.97320000000002,105.7608,42.5524
256,158.3632,105.7008,41.792
257,158.49120000000002,105.59280000000001,42.2252
258,157.8548,105.5672,42.4572
259,157.59,105.53320000000001,43.3412
260,157.59,105.53320000000001,43.3412
261,157.2568,105.1744,42.8692
262,157.294,104.7812,43.2924
263,156.4404,104.66760000000001,42.6816
264,155.96720000000002,104.2372,42.986000000000004
265,155.0264,102.6532,41.5488
266,153.6352,102.3388,42.6316
267,152.5892,101.6376,42.5764
268,150.5636,100.53,41.84
269,149.8968,99.224,41.8804
270,148.34640000000002,98.8476,42.1984
271,148.34640000000002,98.8476,42.1984
272,147.1928,98.00840000000001,42.5368
273,145.16400000000002,97.3944,41.1756
274,144.354,96.81,41.5728
275,143.4076,96.2316,41.8344
276,142.4468,95.6336,41.3572
277,140.5024,93.7112,41.7768
278,139.7572,92.93440000000001,42.9512
279,139.0252,92.2136,41.0432
280,137.964,90.872,40.384
281,137.964,90.872,40.384
282,137.0504,89.64240000000001,39.763200000000005
283,136.8888,89.31320000000001,39.3048
284,136.6576,89.08800000000001,39.5728
285,136.1764,89.0412,39.257600000000004
286,135.6472,88.84320000000001,39.566
287,135.814,88.6624,38.882400000000004
288,135.6552,88.664,38.5424
289,136.71280000000002,88.8284,37.3432
290,137.7528,89.59,37.824000000000005
291,138.9156,90.23920000000001,37.9724
292,138.9156,90.23920000000001,37.9724
293,139.6672,91.2416,37.6496
294,140.2268,91.44680000000001,37.641600000000004
295,141.044,91.5972,36.334
296,141.69920000000002,91.8764,36.604800000000004
297,142.0104,92.56960000000001,37.2228
298,142.4092,93.0716,36.906
299,142.482,93.3484,36.522
300,142.86440000000002,93.18,37.120400000000004
301,142.79760000000002,93.64,36.3268
302,143.1588,93.82560000000001,36.3964
303,143.1588,93.82560000000001,36.3964
304,142.8128,94.1836,36.0644
305,142.9104,94.5824,36.220400000000005
306,143.5104,94.6256,36.1176
307,142.922,94.9988,36.2
308,143.4712,95.1132,36.1104
309,143.5688,94.81880000000001,35.0576
310,143.758,94.444,34.546
311,144.078,94.1832,33.086400000000005
312,144.3128,94.04400000000001,33.5084
313,144.8168,93.93440000000001,32.5096
314,145.2288,94.17,32.452
315,146.15560000000002,94.39880000000001,31.7372
316,146.57,94.5732,31.5468
317,146.8984,95.1036,32.1036
318,147.2192,94.59440000000001,31.585600000000003
319,146.2868,94.12920000000001,30.361600000000003
320,146.4956,93.55080000000001,29.456400000000002
321,145.44840000000002,93.16080000000001,29.094
322,144.6892,92.67240000000001,29.442800000000002
323,144.1476,92.2608,27.999200000000002
324,143.2348,91.8224,28.0164
325,143.8564,91.998,28.4644
326,143.84720000000002,92.67360000000001,30.2616
327,144.3812,92.85040000000001,29.8884
328,144.2132,93.7384,30.648000000000003
329,145.0732,94.1888,30.926000000000002
330,144.6852,94.3572,29.424000000000003
331,144.4728,94.83040000000001,29.5116
332,145.0292,94.8144,30.224
333,145.6416,95.0604,33.7536
334,147.4556,96.3472,31.916
335,147.8808,96.952,32.218
336,148.8844,97.52600000000001,33.7072
337,148.5824,97.8276,32.9092
338,149.9256,98.84320000000001,34.0888
339,149.62800000000001,98.974,34.754400000000004
340,149.9644,99.73320000000001,34.9384
341,150.0428,99.7192,35.2736
342,150.1,99.9124,35.0632
343,150.0064,100.14240000000001,35.4292
344,149.98520000000002,100.0916,34.659600000000005
345,149.6672,100.14760000000001,34.9932
346,149.4096,99.864,35.9808
347,149.7336,99.6204,35.7156
348,149.6856,99.62320000000001,36.1592
349,149.2812,99.6464,37.037600000000005
350,149.29240000000001,99.6344,36.8492
351,149.0188,99.5584,36.6756
352,149.116,99.77560000000001,37.153600000000004
353,149.78560000000002,99.97680000000001,36.9668
354,149.19480000000001,100.4572,37.0268
355,151.1088,100.7016,36.8708
356,151.0216,101.3888,37.1804
357,151.0436,101.506,36.3832
358,151.6968,101.292,36.870400000000004
359,151.3476,101.55640000000001,36.5304
360,151.6844,101.3752,35.7568
361,151.4112,101.822,35.56
362,151.60160000000002,101.7836,36.7352
363,152.0224,102.20920000000001,36.9148
364,152.2252,102.738,36.6532
365,153.1432,102.836,36.318000000000005
366,153.30440000000002,102.71520000000001,36.464800000000004
367,153.3432,102.6228,35.3932
368,152.7664,102.4116,35.786
369,151.9976,101.9548,35.1092
370,152.3968,101.8532,35.437200000000004
371,152.3632,102.3764,36.34
372,153.0008,103.1564,36.4208
373,152.9204,103.3724,36.9412
374,152.42520000000002,102.8108,36.5416
375,152.1904,102.03800000000001,35.272800000000004
376,151.9316,101.2808,35.1944
377,151.598,101.09960000000001,34.6156
378,151.9348,100.7856,34.5152
379,151.7732,100.0284,34.6252
380,151.2012,99.90960000000001,35.0108
381,151.3108,99.22240000000001,33.706
382,151.0908,98.608,34.354
383,150.84040000000002,98.19,34.5092
384,150.93640000000002,97.71560000000001,33.403600000000004
385,150.03640000000001,97.6448,34.356
386,150.086,97.2124,35.2944
387,148.90560000000002,96.8596,34.74
388,147.984,96.56,35.016400000000004
389,147.51600000000002,96.37960000000001,34.9452
390,147.7504,96.5004,35.3932
391,147.7108,97.10000000000001,35.978
392,148.066,97.28960000000001,34.7552
393,147.6844,97.7292,35.8908
394,148.2268,97.9484,35.955200000000005
395,148.1972,98.4144,35.4044
396,148.47920000000002,98.5404,35.3844
397,148.4952,98.8876,36.162800000000004
398,148.7144,99.2856,35.410000000000004
399,149.12120000000002,99.73440000000001,35.974000000000004
400,149.20440000000002,100.18400000000001,35.39
401,149.63320000000002,100.48400000000001,35.536
402,149.5944,100.694,35.522400000000005
403,149.73760000000001,101.14880000000001,35.4408
404,149.74880000000002,101.5064,35.4608
405,150.6232,101.90440000000001,36.568400000000004
406,150.7912,102.66120000000001,36.452400000000004
407,151.3588,102.958,36.2668
408,151.5736,103.0372,37.1424
409,151.6708,102.9732,36.27
410,150.7872,102.8204,36.5516
411,150.8916,102.8048,36.5636
412,151.0332,102.6768,36.2852
413,151.1528,103.18440000000001,36.7412
414,151.5344,103.25200000000001,36.9032
415,151.2772,103.45880000000001,38.5156
416,151.6,103.56920000000001,37.656800000000004
417,151.49720000000002,103.38600000000001,37.216
418,150.9516,103.28200000000001,37.65
419,151.0452,102.7424,38.3236
420,150.9576,103.0788,38.4284
421,151.0592,103.2384,38.9668
422,150.74360000000001,103.0556,38.7668
423,149.9824,102.6776,40.4132
424,149.8956,102.4868,39.802800000000005
425,149.2356,102.1824,39.7892
426,149.1072,101.85560000000001,39.596000000000004
427,148.5608,101.61120000000001,39.8692
428,148.11960000000002,101.3764,40.1268
429,148.2444,101.3144,39.9084
430,147.6628,101.05640000000001,40.342800000000004
431,147.6628,101.05640000000001,40.342800000000004
432,147.7408,101.0252,39.830400000000004
433,147.7016,101.0004,39.922000000000004
434,147.85080000000002,100.73920000000001,40.6796
435,147.2884,100.92320000000001,40.080000000000005
436,147.24280000000002,100.6168,41.2132
437,147.18720000000002,100.3764,40.0384
438,146.7364,100.4884,39.638000000000005
439,146.348,99.84,39.8756
440,145.5204,99.132,39.342
441,145.2004,98.1268,37.4412
442,145.2004,98.1268,37.4412
443,143.98000000000002,97.48280000000001,37.5556
444,143.90040000000002,96.7184,36.028400000000005
445,142.79680000000002,95.0352,35.9844
446,142.8484,95.45320000000001,35.406400000000005
447,141.948,94.84960000000001,35.5516
448,141.0276,93.068,34.6392
449,139.8392,91.8304,33.7248
450,139.0688,90.94080000000001,33.1432
451,139.5144,90.7692,33.378
452,139.244,91.1276,33.6852
453,139.244,91.1276,33.6852
454,139.68800000000002,91.59880000000001,34.4528
455,139.6708,92.4644,34.7092
456,140.5968,93.562,36.2652
457,141.356,95.3096,37.912400000000005
458,141.9148,95.7016,37.699600000000004
459,142.7204,96.4372,38.9336
460,143.1336,97.37480000000001,38.9408
461,142.9548,97.87920000000001,39.654
462,143.3868,97.7412,39.4744
463,143.3868,97.7412,39.4744
464,143.3572,97.7068,40.154
465,142.9236,97.8596,39.8108
466,143.2244,97.8884,40.2488
467,142.63,97.6572,40.1008
468,142.8568,97.40400000000001,40.1088
469,142.7268,96.50840000000001,38.293600000000005
470,142.1336,96.06400000000001,38.010400000000004
471,142.62720000000002,95.754,36.6608
472,142.5432,95.3892,36.0748
473,142.7972,95.83160000000001,35.662
474,142.7972,95.83160000000001,35.662
475,142.8372,95.58120000000001,35.2928
476,142.346,94.75,35.3768
477,141.96720000000002,93.4632,34.5996
478,141.1908,92.2472,33.646
479,141.44920000000002,91.8764,33.692
480,142.1884,92.6108,33.08
481,142.0316,92.45280000000001,32.528
482,142.366,92.992,32.3592
483,143.0992,93.05120000000001,32.150400000000005
484,143.9536,93.77040000000001,31.872
485,143.9536,93.77040000000001,31.872
486,144.01080000000002,93.8884,31.963600000000003
487,144.126,93.836,32.2336
488,144.60160000000002,94.25120000000001,30.7524
489,145.4532,94.6148,31.2328
490,146.38320000000002,95.5292,31.8428
491,146.9128,96.4764,31.9556
492,148.07,97.21560000000001,32.584
493,148.58880000000002,97.9092,31.7816
494,148.4536,98.0428,32.5664
495,148.4536,98.0428,32.5664
496,148.7048,97.76480000000001,33.024
497,148.9176,97.7428,31.552000000000003
498,149.1772,98.0848,31.863200000000003
499,149.4156,98.494,32.5576
500,149.7136,99.0092,32.6064
501,150.1732,99.022,32.5204
502,149.9444,98.89840000000001,32.616
503,148.8428,98.464,32.156400000000005
504,148.6656,97.6576,32.8536
505,148.5976,97.43440000000001,32.75
506,148.5976,97.43440000000001,32.75
507,148.3544,97.58,33.9072
508,149.3776,98.53200000000001,34.3504
509,149.5516,99.2144,34.04
510,150.07160000000002,100.43440000000001,34.046800000000005
511,151.3108,101.708,35.4772
512,152.74360000000001,102.8944,36.526
513,154.654,104.6684,38.150400000000005
514,155.89600000000002,106.0164,39.1728
515,157.2648,107.25,38.287600000000005
516,158.6088,108.4268,39.922000000000004
517,160.544,109.8356,39.7344
518,161.99360000000001,111.8584,40.8068
519,163.8384,113.732,42.162800000000004
520,163.99,114.91080000000001,42.8592
521,164.3788,115.3816,43.0176
522,164.2684,115.3964,42.8716
523,163.5036,114.7964,41.796800000000005
524,163.3012,113.63680000000001,42.156400000000005
525,162.942,113.194,41.5492
526,162.4096,112.6508,41.7368
527,161.434,111.61,41.2156
528,160.8076,111.1808,42.190400000000004
529,161.14520000000002,111.1864,41.208800000000004
530,161.2708,111.382,41.284
531,161.16400000000002,111.7624,43.198
532,161.6544,112.39,42.897200000000005
533,162.348,112.8328,43.0476
534,162.95080000000002,113.20840000000001,43.924800000000005
535,162.9952,114.13520000000001,44.3836
536,163.0436,114.27120000000001,44.9352
537,163.222,114.686,46.040800000000004
538,163.78400000000002,115.28200000000001,47.1192
539,163.9092,115.39,47.489200000000004
540,162.642,114.8588,46.628800000000005
541,162.1176,114.084,47.508
542,160.838,112.7664,47.4208
543,160.452,111.9516,46.0912
544,159.7252,111.284,45.821200000000005
545,159.11440000000002,109.6252,44.8012
546,156.7888,108.1576,43.9792
547,156.94240000000002,107.0552,43.0032
548,155.39600000000002,105.1592,40.7308
549,155.1516,103.828,39.058
550,154.4528,102.7536,38.4456
551,154.16760000000002,102.7356,37.97
552,154.53480000000002,102.5924,39.046800000000005
553,155.54160000000002,104.1324,41.192
554,156.024,105.42240000000001,43.818400000000004
555,157.3844,106.65960000000001,45.0304
556,155.99120000000002,106.0952,46.3168
557,154.9528,104.7724,43.8448
558,153.588,104.1088,44.164
559,151.626,102.72720000000001,42.8284
560,149.3484,100.6692,41.0724
561,148.49800000000002,99.62320000000001,39.574000000000005
562,146.14600000000002,97.2632,35.8136
563,144.49,95.6748,32.6056
564,143.3964,94.1576,30.755200000000002
565,141.89000000000001,92.74560000000001,30.0212
566,141.7076,91.96560000000001,29.9296
567,143.2904,92.8772,31.1676
568,145.0924,94.1992,33.6636
569,146.6732,95.56,35.186
570,147.9924,97.5724,37.8232
571,150.2276,100.5848,41.7456
572,151.59,102.2128,42.5364
573,153.2768,105.38040000000001,47.8312
574,152.99,106.114,49.642
575,153.30360000000002,106.5828,49.2132
576,153.22480000000002,106.31360000000001,48.8892
577,153.056,106.1012,49.223200000000006
578,152.8744,105.21440000000001,47.7256
579,150.8392,103.64200000000001,45.484
580,149.33440000000002,101.52680000000001,43.4272
581,149.1672,99.688,40.251200000000004
582,147.7212,98.474,38.3844
583,146.78560000000002,97.06320000000001,37.1684
584,147.1048,96.8948,35.7472
585,147.58280000000002,96.07600000000001,33.066
586,147.32680000000002,95.62480000000001,31.7892
587,146.4844,94.20320000000001,29.3624
588,146.2816,93.2168,28.322400000000002
589,145.14960000000002,91.738,27.415200000000002
590,145.01760000000002,91.07440000000001,26.9476
591,144.59120000000001,90.64880000000001,28.0664
592,144.7656,91.0244,29.1724
593,145.5232,92.4788,30.5516
594,146.268,93.0976,31.762800000000002
595,147.1584,95.018,33.1936
596,149.3924,96.2668,34.0976
597,150.9228,99.0852,37.650800000000004
598,151.9712,100.9732,40.2216
599,152.6568,102.6152,43.222
600,153.62640000000002,104.01,45.510000000000005
601,153.5752,104.736,46.2344
602,153.054,104.6444,45.699600000000004
603,152.276,104.27600000000001,45.74
604,152.10320000000002,104.518,46.604800000000004
605,151.64960000000002,104.06360000000001,45.159200000000006
606,150.0644,102.39160000000001,44.0416
607,148.336,100.26440000000001,40.872800000000005
608,147.3024,99.2612,39.7124
609,147.09040000000002,98.19080000000001,39.0204
610,145.7432,97.06840000000001,35.961600000000004
611,144.3312,95.352,35.1128
612,143.9932,94.3044,33.624
613,143.3752,93.1876,33.5964
614,143.65200000000002,93.186,33.537600000000005
615,143.774,93.22720000000001,33.4816
616,144.1188,93.7844,32.862
617,144.204,94.18520000000001,34.6724
618,145.3796,94.8996,33.9724
619,145.94,96.1436,35.0264
620,148.32840000000002,97.4788,36.162800000000004
621,150.466,99.1456,37.9292
622,151.352,101.2016,40.5732
623,152.55,103.2732,43.8176
624,152.55,103.2732,43.8176
625,153.20600000000002,106.2808,49.888400000000004
626,153.1348,106.67800000000001,50.900400000000005
627,153.0256,107.05640000000001,50.5172
628,152.76760000000002,106.6012,49.821600000000004
629,152.6312,105.85640000000001,49.6712
630,151.57840000000002,105.2,48.690000000000005
631,150.0404,103.5676,46.3984
632,148.2636,101.09920000000001,43.8224
633,146.87560000000002,99.1496,42.0016
634,145.484,97.3116,40.2532
635,145.484,97.3116,40.2532
636,144.7264,96.65520000000001,40.4356
637,143.4776,94.5648,38.1676
638,143.09720000000002,94.086,36.448
639,142.74120000000002,93.05160000000001,36.0216
640,142.4596,91.92360000000001,34.6088
641,141.4224,90.8568,33.2824
642,141.2636,89.5312,32.418
643,140.6248,88.9428,31.689200000000003
644,139.874,88.1508,31.1276
645,139.874,88.1508,31.1276
646,140.2672,87.9692,30.884
647,140.338,88.75280000000001,31.7912
648,140.24720000000002,89.03,32.316
649,142.5812,91.7744,34.9324
650,143.9504,93.4988,35.9136
651,145.9596,96.1868,39.467200000000005
652,146.9336,98.0124,42.1496
653,147.5144,100.3408,45.6768
654,148.2576,101.1712,47.205600000000004
655,148.4968,101.43480000000001,46.269600000000004
656,148.4968,101.43480000000001,46.269600000000004
657,147.6856,101.4492,47.4508
658,146.9044,101.3824,46.8692
659,146.106,100.104,45.0156
660,144.9196,98.1932,43.522000000000006
661,142.8476,96.7,41.1912
662,140.89360000000002,94.68560000000001,39.308800000000005
663,140.5976,94.27560000000001,39.336400000000005
664,139.6,92.7684,37.4164
665,138.8152,91.8264,37.0604
666,139.36,91.766,35.769200000000005
667,139.36,91.766,35.769200000000005
668,139.03400000000002,91.29400000000001,35.466
669,138.2744,90.4424,34.0944
670,138.80880000000002,90.1584,32.778800000000004
671,138.9724,89.5128,31.8292
672,138.6644,89.3948,31.500400000000003
673,137.8596,88.004,30.669600000000003
674,139.12040000000002,89.1252,31.2544
675,139.77360000000002,89.85000000000001,32.5212
676,139.76080000000002,90.8816,32.803200000000004
677,139.76080000000002,90.8816,32.803200000000004
678,141.6756,92.5108,34.604
679,143.3188,94.14840000000001,35.278400000000005
680,144.69320000000002,95.7484,36.7288
681,145.56560000000002,96.91760000000001,39.0616
682,146.4444,98.2804,40.0016
683,146.342,98.5064,40.624
684,146.2596,98.8964,41.8352
685,146.2168,98.6284,41.506
686,145.7288,97.8828,39.9804
687,145.5376,97.20240000000001,39.2896
688,145.5376,97.20240000000001,39.2896
689,144.5884,96.36240000000001,38.2988
690,143.97920000000002,95.1016,37.019200000000005
691,142.8468,94.4448,36.613600000000005
692,141.8416,93.218,35.3664
693,140.4932,91.86,34.4884
694,139.5868,90.91680000000001,33.4848
695,139.96880000000002,90.632,33.2612
696,140.0472,91.7144,34.239200000000004
697,140.90200000000002,92.0704,35.654
698,142.24120000000002,93.4092,37.4424
699,142.24120000000002,93.4092,37.4424
700,144.25480000000002,95.4244,39.2156
701,145.94240000000002,97.8208,41.199600000000004
702,146.31560000000002,98.3768,42.3956
703,147.91160000000002,99.4192,43.64
704,148.3136,100.456,45.384
705,148.66400000000002,101.03280000000001,45.4272
706,148.726,101.31320000000001,45.6284
707,148.13920000000002,100.90360000000001,46.150000000000006
708,147.864,100.572,46.214000000000006
709,146.4084,100.30080000000001,46.220400000000005
710,146.1648,100.1812,46.1224
711,144.9728,100.4568,46.754400000000004
712,144.5044,99.31200000000001,43.6512
713,143.6052,98.13040000000001,40.720800000000004
714,142.1368,96.0336,38.7684
715,140.24200000000002,93.8328,37.406400000000005
716,139.0572,91.9796,36.2824
717,136.9888,89.7496,34.5432
718,136.1448,88.6228,35.0512
719,135.2912,88.3836,33.8796
720,135.84640000000002,88.8096,32.940400000000004
721,136.1648,89.57000000000001,34.062000000000005
722,137.5592,91.4556,35.3652
723,140.3632,93.5916,38.3596
724,142.81040000000002,96.7228,41.8736
725,143.91,98.1832,42.9136
726,145.0,98.93560000000001,44.396
727,145.8048,99.0312,42.7316
728,146.7764,99.02000000000001,40.864000000000004
729,147.6704,99.3752,39.961600000000004
730,147.8676,100.37,40.6852
731,149.2772,101.33800000000001,40.884
732,150.43040000000002,102.1988,41.702000000000005
733,151.5444,102.908,42.306000000000004
734,151.842,103.02560000000001,42.5672
735,151.2712,102.76960000000001,42.592
736,151.2196,102.7132,42.868
737,151.50320000000002,103.0524,42.747600000000006
738,151.74360000000001,103.3652,43.4724
739,151.07,103.452,43.272800000000004
740,150.758,103.14120000000001,42.4108
741,149.52280000000002,102.91040000000001,41.8888
742,148.7416,102.25,42.528800000000004
743,148.0532,101.518,42.0992
744,147.8076,101.8212,44.0084
745,147.6568,101.34320000000001,42.682
746,146.7032,100.78160000000001,43.1876
747,146.394,100.6192,43.3312
748,145.3272,99.7812,43.108000000000004
749,144.1156,99.2836,42.3992
750,143.7036,99.452,42.9896
751,143.5924,99.7748,43.2188
752,144.0968,99.8228,44.286
753,143.9796,100.126,44.3324
754,143.7884,100.29520000000001,44.3312
755,144.08,100.4136,45.0332
756,144.2648,100.54400000000001,44.1004
757,144.79240000000001,100.4976,44.433600000000006
758,144.46120000000002,100.7288,44.962
759,144.79760000000002,100.9208,44.126000000000005
760,145.178,100.8532,44.5992
761,144.8616,101.2372,44.040400000000005
762,145.63920000000002,101.22680000000001,44.2304
763,145.4784,101.12400000000001,43.525200000000005
764,145.454,101.0704,42.4656
765,144.618,100.6528,42.2584
766,145.3024,100.92800000000001,43.1704
767,144.5848,101.4628,43.5232
768,145.2852,102.06,44.9664
769,145.756,102.61280000000001,44.3496
770,147.3056,104.2784,46.272000000000006
771,145.5504,103.78760000000001,49.82
772,135.3008,97.0304,50.262800000000006
773,124.7672,88.8364,49.9348
774,114.12440000000001,82.34320000000001,50.275600000000004
775,100.5348,74.6764,48.9052
776,88.284,66.84400000000001,48.314800000000005
777,81.68440000000001,63.28,47.623200000000004
778,80.85640000000001,61.674,47.6764
779,80.8596,60.8316,48.4472
780,82.8872,62.236000000000004,48.896
781,90.2936,66.4988,49.900800000000004
782,100.8656,73.94680000000001,50.452000000000005
783,112.69640000000001,81.97800000000001,50.5664
784,121.3952,88.8972,49.722
785,129.6824,95.0556,48.0308
786,137.39360000000002,100.8888,51.1436
787,144.1676,107.30760000000001,52.0724
788,149.01080000000002,111.15960000000001,52.786
789,149.00560000000002,111.0788,52.6184
790,148.14960000000002,110.804,53.124
791,147.6788,109.882,52.0628
792,147.2116,109.3096,52.552400000000006
793,147.70080000000002,109.48360000000001,52.131600000000006
794,147.966,109.336,51.607200000000006
795,147.82,109.604,52.0724
796,147.5332,109.5248,52.2864
797,148.8124,110.7724,52.867200000000004
798,150.63760000000002,111.87280000000001,54.5936
799,151.952,112.15360000000001,53.739200000000004
800,153.27880000000002,113.708,55.9684
801,153.0736,114.25120000000001,55.3796
802,153.09120000000001,113.84920000000001,55.958400000000005
803,152.1548,113.976,57.3564
804,152.2224,114.35640000000001,57.9568
805,152.10240000000002,115.00880000000001,59.7676
806,151.978,114.85000000000001,60.588800000000006
807,151.5936,114.7064,61.7676
808,152.35160000000002,115.1684,61.784800000000004
809,152.81560000000002,115.40400000000001,61.842000000000006
810,152.7852,115.50200000000001,62.1248
811,153.374,115.61720000000001,62.82040000000001
812,153.50400000000002,115.5724,62.7948
813,152.4888,114.65520000000001,61.434000000000005
814,152.1912,114.00160000000001,60.741600000000005
815,151.73600000000002,113.25720000000001,59.6272
816,151.18640000000002,112.8596,59.084
817,150.6832,112.0484,58.546800000000005
818,150.59480000000002,111.6288,58.2648
819,148.8128,110.86,59.048
820,147.9564,110.23960000000001,58.299200000000006
821,147.01000000000002,109.0796,58.6548
822,144.47480000000002,107.8512,58.0908
823,143.3052,106.4092,56.8016
824,141.868,105.3788,56.708000000000006
825,140.2824,104.7056,56.382000000000005
826,139.1916,103.66120000000001,54.9196
827,137.888,102.47760000000001,55.031600000000005
828,137.888,102.47760000000001,55.031600000000005
829,134.514,99.1648,52.7584
830,132.336,97.0528,51.952400000000004
831,130.90120000000002,95.61240000000001,50.804
832,129.6052,94.2984,49.4148
833,128.66320000000002,93.4128,48.3896
834,128.5988,92.9216,48.332
835,128.9068,93.6404,47.784800000000004
836,128.83,93.2168,47.946000000000005
837,129.9356,94.06320000000001,47.4728
838,129.9356,94.06320000000001,47.4728
839,131.1432,95.02720000000001,47.653600000000004
840,132.4136,96.1684,48.863600000000005
841,136.14440000000002,99.568,49.1968
842,137.54600000000002,100.5308,48.7272
843,137.91320000000002,100.7996,48.276
844,138.15800000000002,100.8872,48.519200000000005
845,138.3316,100.818,49.025600000000004
846,138.52800000000002,100.97720000000001,47.5584
847,138.542,100.848,46.9132
848,138.6224,101.0672,47.1912
849,138.6224,101.0672,47.1912
850,138.7552,100.87480000000001,46.7376
851,138.4504,100.5648,45.7168
852,138.4548,100.164,45.6768
853,137.4088,99.37360000000001,45.577200000000005
854,136.4736,98.696,44.8468
855,134.5696,98.0164,45.834
856,132.52960000000002,97.0184,47.196400000000004
857,132.9592,97.74600000000001,47.5092
858,133.21720000000002,98.3944,47.732800000000005
859,134.0908,98.8456,49.0332
860,134.0908,98.8456,49.0332
861,134.6876,99.0844,49.580000000000005
862,135.098,99.4252,50.769600000000004
863,135.614,100.06880000000001,51.0692
864,135.9196,100.88600000000001,50.909600000000005
865,137.7868,102.4804,52.0512
866,138.2524,102.76320000000001,51.787600000000005
867,139.26000000000002,103.58680000000001,52.567600000000006
868,140.13320000000002,104.2552,52.860800000000005
869,139.9056,103.9884,52.6924
870,139.9056,103.9884,52.6924
871,139.49720000000002,103.8656,52.176
872,139.64000000000001,103.67280000000001,51.869600000000005
873,140.4028,103.6704,51.708000000000006
874,141.4592,104.1084,51.8112
875,142.2408,105.22240000000001,52.7344
876,143.054,105.5788,52.3472
877,144.4104,106.70360000000001,52.5032
878,144.5508,106.8908,51.95
879,144.8708,107.1036,52.994800000000005
880,145.314,107.208,52.1496
881,145.314,107.208,52.1496
882,145.5212,107.6696,52.083200000000005
883,146.3728,108.2656,52.778400000000005
884,147.3184,108.78320000000001,52.5236
885,147.6708,109.1452,53.13
886,147.6336,109.3468,53.842800000000004
887,147.8108,109.9072,54.2864
888,148.1764,110.10640000000001,54.808400000000006
889,147.18200000000002,109.0108,53.8868
890,146.5064,108.5164,54.598800000000004
891,146.5064,108.5164,54.598800000000004
892,146.63240000000002,108.4932,54.062000000000005
893,147.9588,109.65520000000001,54.796
894,151.90040000000002,112.84,54.8252
895,155.77880000000002,116.23360000000001,56.468
896,157.73520000000002,118.2288,57.3936
897,158.8436,119.5976,58.5272
898,159.8252,120.99560000000001,61.244400000000006
899,161.5692,123.0912,63.995200000000004
900,162.478,123.26960000000001,63.159600000000005
901,161.5012,121.4456,58.312400000000004
902,161.5012,121.4456,58.312400000000004
903,161.0004,119.9996,56.768
904,160.0428,118.69760000000001,52.857200000000006
905,158.8244,116.638,50.500800000000005
906,158.0208,114.8264,47.9576
907,156.5196,113.046,45.235600000000005
908,154.9548,111.238,43.8324
909,153.8468,109.6592,42.8284
910,151.82,107.8456,41.7444
911,149.8468,105.5128,39.7496
912,146.74120000000002,102.724,37.9728
913,143.63320000000002,99.82440000000001,36.583600000000004
914,141.082,97.7496,35.3848
915,138.9892,95.9736,34.9212
916,137.31560000000002,94.3508,35.1612
917,135.3856,92.04400000000001,34.5552
918,133.4972,89.89280000000001,33.776
919,132.0584,88.0288,33.294000000000004
920,130.4832,86.8908,33.7524
921,129.2468,86.2536,34.5964
922,129.3632,85.6772,32.5536
923,128.4384,84.9316,36.546
924,128.3736,84.98,34.748000000000005
925,127.9788,85.346,36.958800000000004
926,125.39880000000001,81.072,34.5616
927,124.8648,78.95960000000001,31.84
928,126.3468,80.2604,31.9632
929,127.1932,81.30720000000001,32.5688
930,126.64160000000001,80.718,29.7392
931,127.1684,80.178,29.5908
932,127.08680000000001,80.0224,28.8976
933,127.00080000000001,79.82520000000001,28.5528
934,127.0216,79.5192,27.9648
935,127.1876,79.36120000000001,28.1628
936,128.2792,79.8656,28.32
937,128.7456,80.0356,28.064
938,129.73760000000001,80.1888,27.926000000000002
939,130.0096,80.5828,27.362000000000002
940,130.3296,81.0616,28.0012
941,131.40640000000002,81.6812,28.0928
942,132.7528,82.71560000000001,27.980800000000002
943,133.3124,83.4688,29.1812
944,134.2164,83.9912,29.8272
945,134.0548,84.11240000000001,29.613200000000003
946,133.4696,84.096,29.631600000000002
947,133.4512,84.44040000000001,29.9568
948,133.79760000000002,84.30080000000001,31.242800000000003
949,133.35840000000002,84.4808,30.974
950,133.324,84.41000000000001,30.463600000000003
951,133.1424,84.134,30.4372
952,132.9488,83.6592,30.600800000000003
953,132.76680000000002,83.51360000000001,30.3212
954,132.8232,83.5344,30.7196
955,133.082,83.35520000000001,30.4124
956,132.8488,83.304,30.1828
957,132.9404,83.3296,30.484
958,132.8432,83.25880000000001,29.995600000000003
959,132.44920000000002,82.7816,31.166800000000002
960,131.014,81.39800000000001,30.4004
961,129.3236,80.384,31.8792
962,127.6276,79.5496,30.950000000000003
963,126.80560000000001,78.992,29.5788
964,125.5224,78.6644,29.8796
965,125.4688,78.63640000000001,29.1276
966,125.12400000000001,77.94,28.5788
967,123.84200000000001,77.5584,30.448
968,124.32480000000001,76.1956,29.506
969,122.64240000000001,75.84,29.4224
970,123.0296,75.4708,28.788
971,122.2104,75.02080000000001,28.7104
972,122.2372,75.1688,29.125600000000002
973,122.5896,75.3236,28.9536
974,122.59960000000001,75.584,29.040000000000003
975,122.58000000000001,75.7108,28.643600000000003
976,123.2076,75.5608,28.564400000000003
977,123.28240000000001,75.4156,28.3392
978,123.61720000000001,75.474,27.6964
979,123.8888,75.8612,27.5884
980,124.4688,76.2352,27.526
981,124.7544,76.4084,26.9676
982,125.14720000000001,76.1952,27.175600000000003
983,124.906,76.1964,26.6656
984,124.87360000000001,76.1268,26.564400000000003
985,125.37400000000001,75.7988,25.857200000000002
986,125.25240000000001,75.8452,25.5848
987,125.50280000000001,75.74040000000001,25.5496
988,125.41600000000001,75.8756,25.9804
989,125.73280000000001,75.9008,26.1156
990,125.5772,75.9032,25.8292
991,125.99640000000001,75.714,25.3088
992,125.5728,75.7452,25.134400000000003
993,125.542,75.4752,24.5596
994,125.4864,75.4308,24.3904
995,125.56960000000001,75.2168,24.486800000000002
996,125.19200000000001,75.208,24.5648
997,125.108,75.1596,24.625600000000002
998,125.04400000000001,74.9096,24.145200000000003
999,125.18520000000001,74.92960000000001,24.2788
1000,125.0552,74.964,24.0944
1001,125.308,74.8952,24.465600000000002
1002,125.27600000000001,75.0424,24.081200000000003
1003,125.108,75.0664,24.079600000000003
1004,125.21560000000001,75.1948,23.5668
1005,125.58000000000001,75.2472,24.163600000000002
1006,125.9308,75.294,23.7084
1007,125.9668,75.22840000000001,23.1784
1008,126.1572,75.1596,22.901600000000002
1009,125.7016,74.8452,22.8988
1010,125.6624,74.58200000000001,22.080000000000002
1011,125.22080000000001,74.2908,21.805600000000002
1012,125.0004,74.062,20.7852
1013,124.5912,73.64200000000001,21.1456
1014,124.2736,73.5648,20.9648
1015,123.73360000000001,73.2992,20.4588
1016,123.86240000000001,72.9088,20.0124
1017,123.06360000000001,72.52600000000001,19.9252
1018,122.4748,72.36840000000001,19.504
1019,122.4308,72.12480000000001,19.852
1020,122.4308,72.12480000000001,19.852
1021,121.83680000000001,71.77040000000001,19.968
1022,121.2672,72.024,20.8524
1023,120.69080000000001,72.1444,20.4232
1024,121.7728,72.4852,20.6476
1025,122.2004,72.938,20.505200000000002
1026,122.8276,73.27720000000001,20.4268
1027,122.932,73.3816,18.9836
1028,123.47200000000001,73.2968,19.020400000000002
1029,124.10520000000001,73.8412,19.902
1030,124.30160000000001,74.6892,19.7788
1031,124.30160000000001,74.6892,19.7788
1032,125.00720000000001,74.7748,22.720000000000002
1033,126.85000000000001,75.36240000000001,21.308
1034,127.2112,75.21000000000001,22.0076
1035,126.25,75.3104,21.186
1036,126.2484,75.00840000000001,21.762800000000002
1037,126.13560000000001,74.6468,21.2052
1038,125.5892,74.67240000000001,21.314400000000003
1039,125.45880000000001,74.6324,21.2408
1040,125.39800000000001,74.41,20.9892
1041,125.3508,74.44720000000001,21.4164
1042,125.3508,74.44720000000001,21.4164
1043,125.308,74.1448,22.0348
1044,125.2076,74.0732,21.7236
1045,124.4488,73.708,21.8636
1046,124.32600000000001,73.69800000000001,22.2268
1047,124.3392,73.49080000000001,21.389200000000002
1048,123.67280000000001,73.4492,22.0968
1049,123.6752,73.2536,21.4796
1050,123.382,73.0536,22.723200000000002
1051,122.9212,72.8636,22.3736
1052,122.9212,72.8636,22.3736
1053,123.0904,73.0316,22.334400000000002
1054,122.85040000000001,72.74000000000001,22.2104
1055,122.41000000000001,72.6268,22.947200000000002
1056,122.1816,72.5988,22.9628
1057,121.9268,72.3028,23.5256
1058,121.798,72.3028,23.726000000000003
1059,121.8576,72.2612,23.820400000000003
1060,121.2192,72.22840000000001,23.6552
1061,121.0176,72.2968,24.178800000000003
1062,121.0704,71.9492,24.314400000000003
1063,121.0704,71.9492,24.314400000000003
1064,120.4932,72.16080000000001,24.530800000000003
1065,120.20880000000001,72.0372,25.4936
1066,119.8276,71.7776,25.8152
1067,119.4972,71.6748,25.546400000000002
1068,119.31400000000001,71.21640000000001,25.4008
1069,118.14200000000001,70.94720000000001,26.014000000000003
1070,118.168,70.67320000000001,26.1508
1071,117.73400000000001,70.7056,26.223200000000002
1072,116.77080000000001,70.3392,26.633200000000002
1073,116.95840000000001,69.92920000000001,26.294
1074,116.95840000000001,69.92920000000001,26.294
1075,116.5356,70.14880000000001,26.960800000000003
1076,116.48440000000001,70.1328,27.066000000000003
1077,116.25200000000001,70.3092,27.630000000000003
1078,116.36080000000001,70.334,28.348000000000003
1079,116.7356,70.3996,28.600800000000003
1080,116.4944,70.6928,28.9464
1081,117.4616,71.5976,29.3668
1082,118.66680000000001,72.2912,29.498
1083,119.28960000000001,73.1324,29.675600000000003
1084,119.28960000000001,73.1324,29.675600000000003
1085,120.49560000000001,74.0468,30.42
1086,121.7124,74.8816,30.0364
1087,123.33600000000001,75.74600000000001,29.916400000000003
1088,124.43560000000001,76.6104,31.230400000000003
1089,125.5184,77.292,30.9372
1090,126.3168,78.09,30.9648
1091,126.55600000000001,78.3328,30.608800000000002
1092,125.87960000000001,77.9116,29.364800000000002
1093,124.9068,78.04560000000001,28.352400000000003
1094,124.3388,77.0104,27.756800000000002
1095,124.3388,77.0104,27.756800000000002
1096,123.4912,76.7684,30.7756
1097,123.99680000000001,76.8404,31.2484
1098,123.7348,76.9428,31.0852
1099,124.7488,76.9448,30.9692
1100,124.14760000000001,77.5372,30.938000000000002
1101,124.468,78.01,30.971200000000003
1102,124.44200000000001,78.2172,31.1548
1103,124.736,78.47160000000001,31.498
1104,125.03160000000001,78.46640000000001,31.0224
1105,125.13040000000001,78.7248,31.389200000000002
1106,125.13040000000001,78.7248,31.389200000000002
1107,125.2244,78.76,31.42
1108,124.63680000000001,78.87440000000001,30.550800000000002
1109,124.78920000000001,78.53240000000001,30.228
1110,124.4876,78.3488,30.399600000000003
1111,123.7564,78.2568,29.441200000000002
1112,123.9916,78.17960000000001,29.7344
1113,123.3336,77.57520000000001,29.506
1114,123.0908,77.3448,29.046000000000003
1115,122.8088,77.158,28.608
1116,122.43960000000001,76.87360000000001,28.856
1117,122.3388,76.5604,28.57
1118,121.76280000000001,76.59320000000001,29.094
1119,121.9556,77.1956,29.074
1120,122.4932,78.07000000000001,26.0988
1121,122.32400000000001,77.8484,26.351200000000002
1122,122.16720000000001,78.0472,29.948400000000003
1123,123.7004,77.97240000000001,28.832800000000002
1124,124.2192,78.5532,29.1
1125,124.3096,79.1388,29.8764
1126,125.48,79.8832,30.7408
1127,125.74480000000001,80.598,31.5436
1128,126.48320000000001,81.33840000000001,31.34
1129,127.1616,81.884,31.4048
1130,128.3488,82.5412,32.3796
1131,128.90040000000002,83.172,32.7648
1132,129.5472,83.3648,32.9864
1133,129.5088,83.0732,33.5932
1134,130.0508,83.2384,32.8372
1135,131.2456,84.33080000000001,33.8804
1136,131.808,84.6936,33.5644
1137,131.4036,84.02000000000001,33.510400000000004
1138,130.4472,82.1532,31.605600000000003
1139,129.47320000000002,81.378,30.5256
1140,129.4196,81.43,30.096
1141,129.8312,81.28320000000001,28.689600000000002
1142,129.0996,80.4312,27.9444
1143,128.23600000000002,77.8028,24.9712
1144,127.79320000000001,77.2692,23.82
1145,130.64520000000002,79.6328,24.2188
1146,130.094,79.40520000000001,22.060000000000002
1147,127.14120000000001,75.5,19.0436
1148,127.0728,74.8392,18.1248
1149,132.7604,78.24640000000001,19.392
1150,136.538,81.62440000000001,18.0476
1151,141.57840000000002,84.95360000000001,20.1948
1152,143.9324,87.28240000000001,21.5528
1153,147.1276,90.8836,22.710800000000003
1154,154.1108,97.6152,27.6724
1155,158.9456,102.456,32.5828
1156,161.38,104.81200000000001,34.5352
1157,163.186,107.6868,35.706
1158,165.3648,111.8324,38.7652
1159,165.2288,112.00720000000001,41.394400000000005
1160,163.6792,109.80680000000001,41.031600000000005
1161,163.46640000000002,109.3848,40.31
1162,164.53560000000002,110.7744,42.8492
1163,166.2852,114.60440000000001,46.665200000000006
1164,165.2836,114.5904,49.948
1165,164.3836,114.0412,48.4504
1166,164.7328,115.6636,51.674400000000006
1167,164.40560000000002,115.774,52.5644
1168,164.0148,116.3112,54.714400000000005
1169,163.1304,116.0724,53.674400000000006
1170,163.3804,116.6824,53.071600000000004
1171,162.844,117.2304,54.3624
1172,164.066,119.924,57.124
1173,157.7396,113.4316,52.8168
1174,152.49960000000002,108.432,50.158
1175,150.2336,106.8664,48.0056
1176,142.6576,100.158,44.302
1177,134.69480000000001,93.0168,41.0016
1178,130.8016,87.17360000000001,37.507200000000005
1179,129.49,86.30720000000001,36.284800000000004
1180,131.1244,87.36800000000001,34.468
1181,131.28560000000002,85.63040000000001,31.093600000000002
1182,129.4776,81.91080000000001,25.8248
1183,132.4956,84.578,27.422
1184,134.1156,85.23,25.4924
1185,132.68,82.4972,24.752000000000002
1186,135.868,85.0064,23.825200000000002
1187,139.7264,88.65,25.967200000000002
1188,141.238,88.2816,23.326
1189,144.6764,90.854,22.1512
1190,149.9084,94.4944,24.4084
1191,155.4956,99.11240000000001,28.625600000000002
1192,158.6976,102.5776,30.1352
1193,160.2952,104.02120000000001,29.9236
1194,163.5436,107.3144,31.925600000000003
1195,167.0692,111.62480000000001,36.2036
1196,169.51080000000002,114.5972,37.7744
1197,169.5252,115.066,36.251200000000004
1198,171.7416,118.2688,37.9508
1199,172.2644,120.2968,43.982400000000005
1200,171.78560000000002,120.8336,43.7164
1201,171.336,120.3112,44.532000000000004
1202,170.7216,119.9756,44.4212
1203,170.14960000000002,118.9016,43.4316
1204,169.61360000000002,117.8352,42.5
1205,169.66320000000002,117.59360000000001,42.653600000000004
1206,170.43280000000001,118.37960000000001,42.7368
1207,169.9428,119.358,45.031600000000005
1208,170.138,119.3148,46.282000000000004
1209,169.5384,118.5532,45.5968
1210,167.81480000000002,117.3284,44.5696
1211,168.1168,117.19600000000001,45.4992
1212,168.2288,117.8704,45.7652
1213,168.268,118.86760000000001,49.1456
1214,168.092,119.07000000000001,50.096000000000004
1215,167.50560000000002,118.5764,49.522000000000006
1216,166.734,118.52720000000001,49.918800000000005
1217,166.6892,118.9204,49.406800000000004
1218,166.7892,118.9544,50.525200000000005
1219,166.2448,117.9508,49.588
1220,165.1364,117.0368,48.126400000000004
1221,163.6284,115.4184,46.8168
1222,163.66320000000002,115.86200000000001,48.964000000000006
1223,164.0404,116.32000000000001,50.2396
1224,164.0404,116.32000000000001,50.2396
1225,163.6336,115.7612,48.1876
1226,163.6464,116.558,50.1068
1227,164.77,118.3656,49.644000000000005
1228,162.3308,115.36080000000001,47.281600000000005
1229,160.9316,114.3996,47.610400000000006
1230,160.3572,115.72640000000001,48.7228
1231,156.7196,113.1408,50.3192
1232,155.34720000000002,112.20320000000001,52.870400000000004
1233,154.788,111.66760000000001,57.4836
1234,154.788,111.66760000000001,57.4836
1235,152.74880000000002,110.0836,56.6156
1236,150.4888,107.5604,55.8348
1237,146.28400000000002,105.13600000000001,54.476
1238,141.4584,100.67880000000001,51.728
1239,140.77,99.5704,49.5656
1240,140.97560000000001,99.1324,49.3524
1241,140.3748,97.3052,48.089200000000005
1242,139.9008,95.97680000000001,44.980000000000004
1243,141.864,96.5892,42.989200000000004
1244,143.7852,98.7004,41.974000000000004
1245,143.7852,98.7004,41.974000000000004
1246,144.58960000000002,97.1028,38.147600000000004
1247,144.21720000000002,95.97680000000001,34.7656
1248,148.8668,98.51400000000001,34.8464
1249,145.814,94.0316,31.168000000000003
1250,146.7744,95.5852,32.3776
1251,144.578,93.9808,32.394
1252,144.1708,92.6772,30.164
1253,144.1088,92.736,30.803600000000003
1254,143.1508,92.2996,30.2512
1255,147.9932,95.6748,31.474
1256,147.9932,95.6748,31.474
1257,153.06400000000002,100.79,37.284800000000004
1258,156.1832,103.4132,37.836400000000005
1259,159.19400000000002,106.6436,38.728
1260,159.7932,107.9256,38.806000000000004
1261,157.3192,101.11120000000001,36.256
1262,153.3304,92.6628,33.949200000000005
1263,144.7216,81.52000000000001,29.9204
1264,134.7476,69.8916,25.8796
1265,130.0636,61.3496,24.0192
1266,130.0636,61.3496,24.0192
1267,129.6996,57.8528,21.095200000000002
1268,128.5044,56.13,21.4696
1269,129.912,57.3292,20.5056
1270,132.4216,61.574000000000005,21.7284
1271,136.01680000000002,67.5044,23.6244
1272,140.2228,75.4448,25.1412
1273,154.202,93.78280000000001,33.522400000000005
1274,159.1748,102.57600000000001,38.275600000000004
1275,161.9752,107.9812,40.376000000000005
1276,162.966,110.98880000000001,42.702000000000005
1277,162.966,110.98880000000001,42.702000000000005
1278,163.7836,112.0652,43.8476
1279,163.7612,113.0248,43.473200000000006
1280,164.53560000000002,113.7356,42.7808
1281,165.4476,114.73440000000001,42.5552
1282,166.4804,116.3236,45.208000000000006
1283,167.1836,117.54360000000001,47.000800000000005
1284,167.798,117.94760000000001,48.2948
1285,168.07680000000002,118.092,47.3292
1286,167.4716,116.94800000000001,44.9864
1287,165.2604,114.9304,42.302800000000005
1288,165.2604,114.9304,42.302800000000005
1289,163.0392,113.1864,38.4204
1290,161.9356,111.06800000000001,37.8928
1291,160.96880000000002,109.456,35.6308
1292,159.7648,108.24520000000001,34.272400000000005
1293,159.7424,107.62960000000001,33.9528
1294,159.346,107.67280000000001,35.467600000000004
1295,158.6468,107.19200000000001,34.5304
1296,158.0756,107.44760000000001,35.0384
1297,158.2356,107.906,35.702400000000004
1298,158.2356,107.906,35.702400000000004
1299,157.5504,108.0496,36.4212
1300,157.7156,107.8764,36.9424
1301,157.43280000000001,107.90440000000001,37.806400000000004
1302,156.91760000000002,108.31800000000001,39.2812
1303,156.9836,109.0948,40.7532
1304,157.3572,109.85040000000001,42.034800000000004
1305,157.4264,110.2376,42.4904
1306,157.93640000000002,110.26440000000001,42.397600000000004
1307,157.24800000000002,109.4864,41.653200000000005
1308,156.61,108.59960000000001,41.4448
1309,156.2276,108.64320000000001,41.2364
1310,156.83280000000002,108.25120000000001,41.0052
1311,156.73000000000002,109.19200000000001,40.4628
1312,157.7332,109.34320000000001,40.4812
1313,157.55200000000002,108.632,38.9568
1314,157.56640000000002,108.6376,38.4
1315,158.166,108.9364,38.654
1316,159.35160000000002,109.32600000000001,37.8928
1317,159.0856,108.94800000000001,37.418800000000005
1318,158.9704,108.7008,36.607600000000005
1319,158.6816,108.7324,36.8896
1320,159.2296,109.24600000000001,37.516000000000005
1321,159.5196,109.766,38.49
1322,159.6328,110.6932,39.244800000000005
1323,159.3984,111.66600000000001,40.2432
1324,160.7696,112.00800000000001,40.3616
1325,161.48760000000001,113.48440000000001,40.556000000000004
1326,162.8364,113.97760000000001,41.513200000000005
1327,163.5592,115.04520000000001,42.510000000000005
1328,164.5208,116.426,43.141600000000004
1329,165.4324,117.8172,44.878800000000005
1330,166.11360000000002,119.86680000000001,46.7864
1331,168.21800000000002,121.4508,50.8496
1332,168.34640000000002,121.93400000000001,52.2424
1333,167.368,120.6272,53.4168
1334,168.15640000000002,121.13080000000001,51.9048
1335,169.30960000000002,122.44080000000001,53.786
1336,169.71720000000002,122.8472,55.296400000000006
1337,170.43120000000002,123.44680000000001,55.9668
1338,170.7724,123.81200000000001,57.537200000000006
1339,171.65640000000002,125.1524,57.4408
1340,172.16840000000002,125.94560000000001,54.8464
1341,169.6848,122.63080000000001,51.2092
1342,165.4452,117.5172,47.5456
1343,161.366,111.8828,44.077600000000004
1344,156.6372,105.9256,40.872800000000005
1345,151.488,100.9612,38.245200000000004
1346,147.77960000000002,97.6284,37.268
1347,145.816,94.6016,35.528
1348,143.07680000000002,93.5888,35.1348
1349,143.924,94.412,36.5796
1350,147.0712,96.6436,37.728
1351,149.104,99.5672,37.176
1352,149.56480000000002,100.8152,37.5024
1353,150.7476,101.7232,39.3328
1354,153.2244,105.1532,40.891600000000004
1355,156.0504,108.89760000000001,43.872
1356,157.74360000000001,111.5776,46.458800000000004
1357,158.86360000000002,113.7056,48.9148
1358,159.88760000000002,115.11840000000001,49.5908
1359,160.6132,115.58680000000001,52.3108
1360,160.3548,115.7236,53.4908
1361,159.96640000000002,114.9116,53.28
1362,159.00320000000002,114.07000000000001,54.266000000000005
1363,157.3528,112.0048,54.2184
1364,154.8964,109.12280000000001,54.328
1365,153.144,108.08760000000001,54.1388
1366,152.37040000000002,108.0664,54.0844
1367,153.5312,108.5788,53.5824
1368,154.3068,109.12280000000001,53.6404
1369,154.6172,109.23360000000001,53.641200000000005
1370,155.5832,109.2684,54.1036
1371,156.04600000000002,109.25,52.7096
1372,154.23760000000001,108.2776,52.0636
1373,154.9288,107.1256,51.491600000000005
1374,153.1488,106.548,50.2468
1375,151.54240000000001,105.92920000000001,50.5996
1376,150.9336,104.9552,49.5112
1377,149.59040000000002,103.068,47.897600000000004
1378,148.478,102.79520000000001,47.318000000000005
1379,148.08520000000001,101.76960000000001,46.516400000000004
1380,148.21800000000002,101.8468,46.034400000000005
1381,148.1628,101.65480000000001,45.1024
1382,147.3616,100.6768,44.28
1383,145.68,99.19760000000001,43.1708
1384,143.40040000000002,95.4508,40.8104
1385,139.6664,91.4012,39.788000000000004
1386,136.104,87.5776,37.966
1387,133.5208,84.1148,35.830400000000004
1388,131.56560000000002,82.46520000000001,35.1164
1389,131.65120000000002,81.684,34.984
1390,132.3252,83.592,36.502
1391,134.58520000000001,85.60000000000001,37.677600000000005
1392,136.1328,86.95320000000001,37.39
1393,136.0748,87.8324,38.1796
1394,136.7116,89.0248,37.5172
1395,139.0336,89.928,37.92
1396,139.56040000000002,90.9504,38.071200000000005
1397,140.6088,91.6468,37.8432
1398,143.118,94.8512,38.9568
1399,147.4168,99.2992,39.2256
1400,149.9836,102.48920000000001,42.7776
1401,151.4464,104.42920000000001,43.024
1402,153.3056,106.27600000000001,43.7396
1403,154.174,107.62960000000001,44.022800000000004
1404,154.4836,108.08200000000001,44.0916
1405,154.9052,108.6808,44.257200000000005
1406,155.1536,109.2292,44.8892
1407,155.7964,109.6832,45.522400000000005
1408,156.2512,110.0856,43.988
1409,155.6696,110.208,44.113600000000005
1410,155.5372,109.4544,42.7224
1411,155.6856,108.9688,42.4476
1412,155.2484,108.8636,42.3404
1413,154.94240000000002,108.0224,40.8352
1414,154.4828,106.08800000000001,37.111200000000004
1415,152.3688,103.15360000000001,35.5112
1416,152.3688,103.15360000000001,35.5112
1417,146.448,95.1832,30.9008
1418,145.3432,93.726,30.308400000000002
1419,144.4472,92.6808,29.7908
1420,144.6364,92.7288,30.366000000000003
1421,144.96120000000002,93.22720000000001,29.694000000000003
1422,146.88320000000002,95.0364,30.676000000000002
1423,148.2584,97.0704,32.3896
1424,150.094,98.51360000000001,32.758
1425,150.3572,100.2608,32.3224
1426,151.6276,101.80000000000001,33.116800000000005
1427,151.6276,101.80000000000001,33.116800000000005
1428,154.18200000000002,103.9452,34.762
1429,155.8796,107.65480000000001,39.3108
1430,156.50920000000002,108.912,40.906800000000004
1431,156.76520000000002,110.0788,43.838
1432,156.4456,110.2736,44.9316
1433,155.6184,110.126,44.513600000000004
1434,154.6892,109.84400000000001,46.0236
1435,154.282,109.39760000000001,46.1468
1436,154.05360000000002,109.11840000000001,46.458400000000005
1437,153.43800000000002,108.28320000000001,45.2136
1438,153.43800000000002,108.28320000000001,45.2136
1439,152.1816,107.3044,45.159600000000005
1440,151.7468,106.19680000000001,44.8796
1441,150.9144,105.49560000000001,45.412800000000004
1442,150.292,105.07440000000001,46.2676
1443,149.846,104.9876,45.827200000000005
1444,150.3848,104.49600000000001,46.1572
1445,149.3,104.17320000000001,45.754400000000004
1446,148.5252,103.18520000000001,48.21
1447,148.0388,103.0856,47.7984
1448,148.0388,103.0856,47.7984
1449,148.4048,103.2304,47.6212
1450,149.3432,104.3296,47.0816
1451,150.9036,104.98960000000001,45.296400000000006
1452,150.90560000000002,104.4916,42.452000000000005
1453,150.5688,103.2256,40.1516
1454,150.0752,103.2612,40.3752
1455,149.5084,102.74560000000001,40.628
1456,148.8724,102.06,39.316
1457,148.61440000000002,101.2628,37.936800000000005
1458,148.45520000000002,100.71480000000001,37.464
1459,148.45520000000002,100.71480000000001,37.464
1460,150.1116,101.39,36.8048
1461,151.3908,104.3848,43.1404
1462,136.62640000000002,89.6624,43.1484
1463,127.99440000000001,76.2112,40.382000000000005
1464,127.4388,76.548,40.064800000000005
1465,139.0336,90.2184,42.4424
1466,142.6216,94.0536,43.0784
1467,147.36440000000002,99.2688,43.698
1468,152.62640000000002,105.9796,45.190000000000005
1469,155.98760000000001,109.53840000000001,45.7776
1470,155.98760000000001,109.53840000000001,45.7776
1471,156.5028,110.4424,45.99
1472,157.954,111.46600000000001,46.5752
1473,160.0324,113.0,44.5568
1474,159.0944,111.35520000000001,40.275600000000004
1475,157.6164,109.54480000000001,38.980000000000004
1476,156.74360000000001,108.01520000000001,36.9812
1477,157.0608,109.1712,38.7368
1478,156.892,109.35520000000001,39.491600000000005
1479,155.7184,108.5044,38.8988
